<desktopflowbinary desktopflowbinaryid="6eb662bf-9456-4000-b848-badd34bdf04d">
  <data mimetype="application/json">DependenciesFile_eae9165a-4d10-419a-a3f7-682865d7b183.json</data>
  <iscustomizable>1</iscustomizable>
  <metadata>{}</metadata>
  <mimetype>application/json</mimetype>
  <name>Desktop flow dependencies file</name>
  <process>
    <workflowid>f4dcfe22-1751-4b80-a459-fc386f94f8f4</workflowid>
  </process>
  <reference>flow.dependencies</reference>
  <statecode>0</statecode>
  <statuscode>1</statuscode>
  <type>DependenciesFile</type>
</desktopflowbinary>