<desktopflowbinary desktopflowbinaryid="367a15ed-c30b-42ad-abda-fbdcd23b3715">
  <data mimetype="application/json">ImageRepository_33d97207-9a80-435d-b0d0-06a340e46e13.json</data>
  <iscustomizable>1</iscustomizable>
  <metadata>{}</metadata>
  <mimetype>application/json</mimetype>
  <name>Desktop flow images</name>
  <process>
    <workflowid>f4dcfe22-1751-4b80-a459-fc386f94f8f4</workflowid>
  </process>
  <reference>imageRepo.imgrepo</reference>
  <statecode>0</statecode>
  <statuscode>1</statuscode>
  <type>ImageRepository</type>
</desktopflowbinary>