{"name":"f6ece1f9-8e94-4df2-8884-4ed8b58c02ef","id":"/providers/Microsoft.Flow/flows/f6ece1f9-8e94-4df2-8884-4ed8b58c02ef","type":"Microsoft.Flow/flows","properties":{"apiId":"/providers/Microsoft.PowerApps/apis/shared_logicflows","displayName":"Get Answers","definition":{"metadata":{"workflowEntityId":null,"processAdvisorMetadata":null,"flowChargedByPaygo":null,"flowclientsuspensionreason":"None","flowclientsuspensiontime":null,"flowclientsuspensionreasondetails":null,"creator":{"id":"dfab284f-1ed6-410b-ba71-1e5cbb7a4921","type":"User","tenantId":"5cdc5b43-d7be-4caa-8173-729e3b0a62d9"},"provisioningMethod":"FromDefinition","failureAlertSubscription":true,"clientLastModifiedTime":"2025-02-14T20:05:42.593756Z","connectionKeySavedTimeKey":"2025-02-14T20:05:42.593756Z"},"$schema":"https://schema.management.azure.com/providers/Microsoft.Logic/schemas/2016-06-01/workflowdefinition.json#","contentVersion":"1.0.0.0","parameters":{"$authentication":{"defaultValue":{},"type":"SecureObject"},"$connections":{"defaultValue":{},"type":"Object"}},"triggers":{"When_keywords_are_mentioned":{"type":"OpenApiConnectionWebhook","inputs":{"parameters":{"$search":"ans","threadType":"groupchat","requestBody/chats":["19:5f4619481de641a78cacc186d987e999@thread.v2"]},"host":{"apiId":"/providers/Microsoft.PowerApps/apis/shared_teams","connectionName":"shared_teams","operationId":"WebhookKeywordTrigger"},"authentication":"@parameters('$authentication')"}}},"actions":{"Get_my_profile":{"runAfter":{},"type":"OpenApiConnection","inputs":{"host":{"apiId":"/providers/Microsoft.PowerApps/apis/shared_office365users","connectionName":"shared_office365users","operationId":"MyProfile_V2"},"authentication":"@parameters('$authentication')"}},"For_each_1":{"foreach":"@triggerOutputs()?['body/value']","actions":{"Get_message_details":{"type":"OpenApiConnection","inputs":{"parameters":{"messageId":"@item()?['messageId']","threadType":"groupchat","body/recipient":"19:5f4619481de641a78cacc186d987e999@thread.v2"},"host":{"apiId":"/providers/Microsoft.PowerApps/apis/shared_teams","connectionName":"shared_teams","operationId":"GetMessageDetails"},"authentication":"@parameters('$authentication')"}},"Set_question_index":{"runAfter":{"Get_message_details":["Succeeded"]},"type":"SetVariable","inputs":{"name":"questionIndex","value":"@add(3, indexOf(outputs('Get_message_details')?['body/body/plainTextContent'], 'ans'))"}},"Set_question_number":{"runAfter":{"Set_question_index":["Succeeded"]},"type":"SetVariable","inputs":{"name":"questionNumber","value":"@slice(outputs('Get_message_details')?['body/body/plainTextContent'], variables('questionIndex'), indexOf(outputs('Get_message_details')?['body/body/plainTextContent'], ' '))"}},"Set_answer":{"runAfter":{"Set_question_number":["Succeeded"]},"type":"SetVariable","inputs":{"name":"answer","value":"@substring(outputs('Get_message_details')?['body/body/plainTextContent'], add(1, lastIndexOf(outputs('Get_message_details')?['body/body/plainTextContent'], ' ')),1)"}},"Get_a_row":{"runAfter":{"Set_answer":["Succeeded"]},"metadata":{"01VK7BHL4PZQVGYOTQORFYG3NS6MA6DC6Z":"/PPT and Rebuttal/Questions.xlsx","tableId":"{BB6111BF-7CB9-4259-A41B-DD87B9015CD4}"},"type":"OpenApiConnection","inputs":{"parameters":{"source":"groups/a37855e9-690c-4cea-b23e-37c4f764e707","drive":"b!mpERcdRav0Cjbi7AXGbaPuFgUx_JK1ZKmEEtG1Uytx60Q-3uqX7JQriLGyf98Llp","file":"01VK7BHL4PZQVGYOTQORFYG3NS6MA6DC6Z","table":"{BB6111BF-7CB9-4259-A41B-DD87B9015CD4}","idColumn":"Number","id":"@int(variables('questionNumber'))"},"host":{"apiId":"/providers/Microsoft.PowerApps/apis/shared_excelonlinebusiness","connectionName":"shared_excelonlinebusiness","operationId":"GetItem"},"authentication":"@parameters('$authentication')"}},"Set_correct_ans":{"runAfter":{"Get_a_row":["Succeeded"]},"type":"SetVariable","inputs":{"name":"correctAns","value":"@equals(int(outputs('Get_a_row')?['body/Answer']), int(variables('answer')))"}},"Add_a_row_into_a_table":{"runAfter":{"Set_correct_ans":["Succeeded"]},"metadata":{"01VK7BHL4PZQVGYOTQORFYG3NS6MA6DC6Z":"/PPT and Rebuttal/Questions.xlsx","tableId":"{48425074-B570-4536-8FDD-DA750C8C1F4C}"},"type":"OpenApiConnection","inputs":{"parameters":{"source":"groups/a37855e9-690c-4cea-b23e-37c4f764e707","drive":"b!mpERcdRav0Cjbi7AXGbaPuFgUx_JK1ZKmEEtG1Uytx60Q-3uqX7JQriLGyf98Llp","file":"01VK7BHL4PZQVGYOTQORFYG3NS6MA6DC6Z","table":"{48425074-B570-4536-8FDD-DA750C8C1F4C}","item/ID":"@outputs('Get_message_details')?['body/from/user/id']","item/Name":"@outputs('Get_message_details')?['body/from/user/displayName']","item/Question":"@variables('questionNumber')","item/Answer":"@variables('answer')","item/Correct":"@variables('correctAns')"},"host":{"apiId":"/providers/Microsoft.PowerApps/apis/shared_excelonlinebusiness","connectionName":"shared_excelonlinebusiness","operationId":"AddRowV2"},"authentication":"@parameters('$authentication')"}}},"runAfter":{"Initialize_correct_ans":["Succeeded"]},"type":"Foreach"},"Initialize_question_index":{"runAfter":{"Get_my_profile":["Succeeded"]},"type":"InitializeVariable","inputs":{"variables":[{"name":"questionIndex","type":"integer"}]}},"Initialize_question_number":{"runAfter":{"Initialize_question_index":["Succeeded"]},"type":"InitializeVariable","inputs":{"variables":[{"name":"questionNumber","type":"string"}]}},"Initialize_answer":{"runAfter":{"Initialize_question_number":["Succeeded"]},"type":"InitializeVariable","inputs":{"variables":[{"name":"answer","type":"string"}]}},"Initialize_correct_ans":{"runAfter":{"Initialize_answer":["Succeeded"]},"type":"InitializeVariable","inputs":{"variables":[{"name":"correctAns","type":"boolean","value":false}]}}},"outputs":{}},"connectionReferences":{"shared_teams":{"connectionName":"shared-teams-04a82d86-c8e4-4270-b244-2dc4393cfa32","source":"Embedded","id":"/providers/Microsoft.PowerApps/apis/shared_teams","tier":"NotSpecified","apiName":"teams"},"shared_office365users":{"connectionName":"shared-office365user-df494da2-4a5d-460e-80aa-48433d2b169a","source":"Embedded","id":"/providers/Microsoft.PowerApps/apis/shared_office365users","tier":"NotSpecified","apiName":"office365users"},"shared_excelonlinebusiness":{"connectionName":"shared-excelonlinebu-6c05b717-8035-4af0-b594-a75af03e942a","source":"Embedded","id":"/providers/Microsoft.PowerApps/apis/shared_excelonlinebusiness","tier":"NotSpecified","apiName":"excelonlinebusiness"}},"flowFailureAlertSubscribed":false,"isManaged":false}}