<ImportExportXml xmlns:xsi="http://www.w3.org/2001/XMLSchema-instance" OrganizationVersion="9.2.25012.190" OrganizationSchemaType="Standard" CRMServerServiceabilityVersion="9.2.25012.00190">
  <Entities></Entities>
  <Roles></Roles>
  <Workflows>
    <Workflow WorkflowId="{f4dcfe22-1751-4b80-a459-fc386f94f8f4}" Name="Save Excel" Description="This flow checks for the existence of a trigger file and, if found, opens an Excel file, saves it, and then deletes the trigger file.">
      <JsonFileName>/Workflows/SaveExcel-F4DCFE22-1751-4B80-A459-FC386F94F8F4.json</JsonFileName>
      <Type>1</Type>
      <Subprocess>0</Subprocess>
      <Category>6</Category>
      <Mode>0</Mode>
      <Scope>4</Scope>
      <OnDemand>0</OnDemand>
      <TriggerOnCreate>0</TriggerOnCreate>
      <TriggerOnDelete>0</TriggerOnDelete>
      <AsyncAutodelete>0</AsyncAutodelete>
      <SyncWorkflowLogOnFailure>0</SyncWorkflowLogOnFailure>
      <StateCode>1</StateCode>
      <StatusCode>2</StatusCode>
      <RunAs>1</RunAs>
      <IsTransacted>1</IsTransacted>
      <IntroducedVersion>1.0</IntroducedVersion>
      <IsCustomizable>1</IsCustomizable>
      <BusinessProcessType>0</BusinessProcessType>
      <UIFlowType>2</UIFlowType>
      <IsCustomProcessingStepAllowedForOtherPublishers>1</IsCustomProcessingStepAllowedForOtherPublishers>
      <Metadata>{"clientversion":"2.52.00293.25009","isvalid":true,"$schema":"https://schema.management.azure.com/providers/Microsoft.Logic/schemas/2016-06-01/workflowdefinition.json#","schemaVersion":"ROBIN_20211012","containsActiveConnections":false,"containsGptPredictActions":false,"containsActiveCopilotActions":false,"containsActiveWorkQueuesActions":false,"containsActiveLogMessageActions":false,"containsActiveCredentialsActions":false,"multipleRequestsState":0,"scriptType":1,"disableScreenshotCaptureOnError":false,"missingUiElementRepairType":1,"flowTimeout":4500}</Metadata>
      <Inputs>{"schema":null}</Inputs>
      <Outputs>{"schema":null}</Outputs>
      <Dependencies>{"childFlows":[],"workQueues":[],"environmentVariables":[],"requiredBinaries":["3282fe71-9110-4013-a4a4-eafd4d16e316","725c8026-bc82-4e59-b2ef-93bffd1d3195","367a15ed-c30b-42ad-abda-fbdcd23b3715","6eb662bf-9456-4000-b848-badd34bdf04d"]}</Dependencies>
      <ConnectionReferences>[]</ConnectionReferences>
      <Definition>"@@ConnectionString: ''\r\n@@Type: 'Local'\r\n@@DesktopType: 'local'\r\n@@DisplayName: 'Local computer'\r\nIMPORT 'controlRepo.appmask' AS appmask\r\nIMPORT 'imageRepo.imgrepo' AS imgrepo\r\n@SENSITIVE: []\r\nLOOP WHILE $fx'=true'\r\n    IF (File.IfFile.Exists File: $fx'C:\\\\Users\\\\vandy\\\\UT Arlington\\\\Data Visualization - PPT and Rebuttal\\\\trigger') THEN\r\n        Excel.LaunchExcel.LaunchAndOpenUnderExistingProcess Path: $fx'C:\\\\Users\\\\vandy\\\\UT Arlington\\\\Data Visualization - PPT and Rebuttal\\\\Questions.xlsx' Visible: False ReadOnly: False Instance=&gt; ExcelInstance\r\n        WAIT $fx'=5'\r\n        Excel.SaveExcel.Save Instance: $fx'=ExcelInstance'\r\n        Excel.CloseExcel.Close Instance: $fx'=ExcelInstance'\r\n        File.Delete Files: $fx'C:\\\\Users\\\\vandy\\\\UT Arlington\\\\Data Visualization - PPT and Rebuttal\\\\trigger'\r\n    END\r\nEND\r\nFUNCTION Subflow_1 GLOBAL\r\nEND FUNCTION\r\n"</Definition>
      <SchemaVersion>2022.07</SchemaVersion>
      <DesktopFlowModules>[]</DesktopFlowModules>
      <PrimaryEntity>none</PrimaryEntity>
      <LocalizedNames>
        <LocalizedName languagecode="1033" description="Save Excel" />
      </LocalizedNames>
      <Descriptions>
        <Description languagecode="1033" description="This flow checks for the existence of a trigger file and, if found, opens an Excel file, saves it, and then deletes the trigger file." />
      </Descriptions>
    </Workflow>
  </Workflows>
  <FieldSecurityProfiles></FieldSecurityProfiles>
  <Templates />
  <EntityMaps />
  <EntityRelationships />
  <OrganizationSettings />
  <optionsets />
  <CustomControls />
  <EntityDataProviders />
  <Languages>
    <Language>1033</Language>
  </Languages>
</ImportExportXml>