<desktopflowbinary desktopflowbinaryid="3282fe71-9110-4013-a4a4-eafd4d16e316">
  <data mimetype="application/json">ManifestFile_3282fe71-9110-4013-a4a4-eafd4d16e316.json</data>
  <iscustomizable>1</iscustomizable>
  <metadata>{}</metadata>
  <mimetype>application/json</mimetype>
  <name>Desktop flow manifest file</name>
  <process>
    <workflowid>f4dcfe22-1751-4b80-a459-fc386f94f8f4</workflowid>
  </process>
  <reference>flow.manifest</reference>
  <statecode>0</statecode>
  <statuscode>1</statuscode>
  <type>ManifestFile</type>
</desktopflowbinary>