<desktopflowbinary desktopflowbinaryid="725c8026-bc82-4e59-b2ef-93bffd1d3195">
  <data mimetype="application/json">ControlRepository_a0057732-719d-4d4c-8ce5-03cbad89042e.json</data>
  <iscustomizable>1</iscustomizable>
  <metadata>{}</metadata>
  <mimetype>application/json</mimetype>
  <name>Desktop flow ui elements</name>
  <process>
    <workflowid>f4dcfe22-1751-4b80-a459-fc386f94f8f4</workflowid>
  </process>
  <reference>controlRepo.appmask</reference>
  <statecode>0</statecode>
  <statuscode>1</statuscode>
  <type>ControlRepository</type>
</desktopflowbinary>